date,diesel,diesel_yes,regular,regular_yes,src,snapshot_ts
2025-01-01,3.506,3.494,3.043,3.026,wayback,20250101100930
2025-01-02,3.509,3.513,3.067,3.062,wayback,20250102151504
2025-01-03,3.514,3.509,3.067,3.067,wayback,20250103202046
2025-01-04,3.522,3.514,3.064,3.067,wayback,20250104201842
2025-01-05,3.522,3.514,3.064,3.067,wayback,20250105023418
2025-01-06,3.511,3.519,3.064,3.061,wayback,20250106134955
2025-01-07,3.531,3.511,3.068,3.064,wayback,20250107202324
2025-01-08,3.531,3.511,3.068,3.064,wayback,20250108094925
2025-01-09,3.54,3.531,3.069,3.068,wayback,20250109163843
2025-01-10,3.543,3.542,3.066,3.069,wayback,20250110160600
2025-01-11,3.551,3.543,3.064,3.066,wayback,20250111201951
2025-01-12,3.557,3.551,3.067,3.064,wayback,20250112202125
2025-01-13,3.554,3.557,3.065,3.067,wayback,20250113163250
2025-01-14,3.576,3.554,3.071,3.065,wayback,20250114202327
2025-01-15,3.594,3.576,3.089,3.071,wayback,20250115202100
2025-01-16,3.604,3.594,3.103,3.089,wayback,20250116145906
2025-01-17,3.615,3.604,3.115,3.103,wayback,20250117152234
2025-01-19,3.631,3.628,3.12,3.12,wayback,20250119202544
2025-01-20,3.633,3.631,3.125,3.12,wayback,20250120201940
2025-01-21,3.65,3.633,3.126,3.125,wayback,20250121103910
2025-01-22,3.667,3.65,3.129,3.126,wayback,20250122115241
2025-01-23,3.687,3.667,3.135,3.129,wayback,20250123171206
2025-01-24,3.687,3.667,3.135,3.129,wayback,20250124095529
2025-01-25,3.683,3.688,3.127,3.133,wayback,20250125162012
2025-01-26,3.683,3.688,3.127,3.133,wayback,20250126092150
2025-01-27,3.672,3.679,3.122,3.123,wayback,20250127154903
2025-01-28,3.674,3.672,3.12,3.122,wayback,20250128155310
2025-01-29,3.671,3.674,3.12,3.12,wayback,20250129202001
2025-01-30,3.671,3.674,3.12,3.12,wayback,20250130122515
2025-01-31,3.667,3.671,3.117,3.12,wayback,20250131011125
2025-02-01,3.663,3.663,3.102,3.11,wayback,20250201203353
2025-02-02,3.663,3.663,3.102,3.11,wayback,20250202072258
2025-02-03,3.655,3.66,3.098,3.098,wayback,20250203183723
2025-02-04,3.66,3.655,3.107,3.098,wayback,20250204093958
2025-02-05,3.667,3.66,3.125,3.107,wayback,20250205203625
2025-02-06,3.668,3.667,3.138,3.125,wayback,20250206203503
2025-02-07,3.667,3.668,3.141,3.138,wayback,20250207203603
2025-02-08,3.664,3.667,3.138,3.141,wayback,20250208215722
2025-02-09,3.661,3.664,3.136,3.138,wayback,20250209204743
2025-02-10,3.661,3.664,3.136,3.138,wayback,20250210083531
2025-02-11,3.658,3.653,3.141,3.139,wayback,20250211124716
2025-02-12,3.666,3.658,3.149,3.141,wayback,20250212202759
2025-02-13,3.674,3.666,3.16,3.149,wayback,20250213183617
2025-02-14,3.672,3.674,3.165,3.16,wayback,20250214083200
2025-02-15,3.669,3.672,3.16,3.165,wayback,20250215202042
2025-02-16,3.67,3.669,3.158,3.16,wayback,20250216201851
2025-02-17,3.67,3.669,3.158,3.16,wayback,20250217072018
2025-02-18,3.675,3.668,3.161,3.161,wayback,20250218202232
2025-02-19,3.689,3.675,3.164,3.161,wayback,20250219175653
2025-02-20,3.693,3.689,3.165,3.164,wayback,20250220203615
2025-02-21,3.694,3.693,3.162,3.165,wayback,20250221203500
2025-02-22,3.689,3.694,3.151,3.162,wayback,20250222162252
2025-02-23,3.683,3.689,3.145,3.151,wayback,20250223202139
2025-02-25,3.68,3.673,3.14,3.144,wayback,20250225100612
2025-02-26,3.681,3.68,3.134,3.14,wayback,20250226202330
2025-02-27,3.681,3.68,3.134,3.14,wayback,20250227084211
2025-03-01,3.67,3.676,3.114,3.125,wayback,20250301021542
2025-03-02,3.664,3.67,3.103,3.114,wayback,20250302004628
2025-03-03,3.652,3.658,3.097,3.098,wayback,20250303202444
2025-03-04,3.652,3.658,3.097,3.098,wayback,20250304103245
2025-03-05,3.656,3.656,3.107,3.099,wayback,20250305020855
2025-03-06,3.656,3.656,3.107,3.099,wayback,20250306073707
2025-03-07,3.645,3.65,3.106,3.11,wayback,20250307202214
2025-03-08,3.645,3.65,3.106,3.11,wayback,20250308063547
2025-03-09,3.635,3.64,3.089,3.095,wayback,20250309202008
2025-03-10,3.625,3.635,3.089,3.089,wayback,20250310202315
2025-03-11,3.625,3.635,3.089,3.089,wayback,20250311060049
2025-03-12,3.627,3.625,3.081,3.089,wayback,20250312043953
2025-03-13,3.626,3.627,3.08,3.081,wayback,20250313061244
2025-03-14,3.615,3.619,3.083,3.079,wayback,20250314202134
2025-03-15,3.615,3.619,3.083,3.079,wayback,20250315023300
2025-03-16,3.604,3.609,3.076,3.079,wayback,20250316202126
2025-03-17,3.592,3.604,3.078,3.076,wayback,20250317202434
2025-03-18,3.592,3.604,3.078,3.076,wayback,20250318071748
2025-03-19,3.603,3.601,3.102,3.078,wayback,20250319202759
2025-03-20,3.605,3.603,3.121,3.102,wayback,20250320084850
2025-03-21,3.604,3.605,3.129,3.121,wayback,20250321202425
2025-03-23,3.597,3.601,3.126,3.127,wayback,20250323061636
2025-03-24,3.584,3.597,3.128,3.126,wayback,20250324202030
2025-03-25,3.584,3.597,3.128,3.126,wayback,20250325091152
2025-03-26,3.598,3.584,3.139,3.128,wayback,20250326021915
2025-03-27,3.606,3.606,3.155,3.15,wayback,20250327202633
2025-03-28,3.608,3.606,3.157,3.155,wayback,20250328093017
2025-03-30,3.609,3.612,3.159,3.159,wayback,20250330202104
2025-03-31,3.598,3.609,3.168,3.159,wayback,20250331202552
2025-04-01,3.613,3.598,3.201,3.168,wayback,20250401095027
2025-04-02,3.613,3.598,3.201,3.168,wayback,20250402052045
2025-04-03,3.642,3.638,3.268,3.26,wayback,20250403202314
2025-04-04,3.642,3.638,3.268,3.26,wayback,20250404202900
2025-04-05,3.639,3.642,3.262,3.268,wayback,20250405124132
2025-04-06,3.636,3.639,3.258,3.262,wayback,20250406120918
2025-04-07,3.624,3.636,3.259,3.258,wayback,20250407202743
2025-04-08,3.629,3.624,3.246,3.259,wayback,20250408202626
2025-04-09,3.626,3.629,3.235,3.246,wayback,20250409202638
2025-04-10,3.617,3.626,3.222,3.235,wayback,20250410203146
2025-04-11,3.611,3.617,3.21,3.222,wayback,20250411203047
2025-04-12,3.602,3.611,3.196,3.21,wayback,20250412202020
2025-04-13,3.594,3.602,3.189,3.196,wayback,20250413202028
2025-04-14,3.579,3.594,3.184,3.189,wayback,20250414103150
2025-04-15,3.586,3.579,3.173,3.184,wayback,20250415110758
2025-04-17,3.582,3.586,3.167,3.169,wayback,20250417202231
2025-04-18,3.578,3.582,3.162,3.167,wayback,20250418202206
2025-04-19,3.574,3.578,3.155,3.162,wayback,20250419202103
2025-04-20,3.57,3.574,3.151,3.155,wayback,20250420103800
2025-04-21,3.555,3.57,3.153,3.151,wayback,20250421202328
2025-04-22,3.566,3.554,3.166,3.153,wayback,20250422202635
2025-04-23,3.566,3.554,3.166,3.153,wayback,20250423133802
2025-04-24,3.564,3.568,3.171,3.171,wayback,20250424202640
2025-04-25,3.561,3.564,3.164,3.171,wayback,20250425202440
2025-04-26,3.556,3.561,3.153,3.164,wayback,20250426202128
2025-04-27,3.552,3.556,3.149,3.153,wayback,20250427202231
2025-04-28,3.536,3.552,3.149,3.149,wayback,20250428202540
2025-04-29,3.551,3.536,3.16,3.149,wayback,20250429202350
2025-04-30,3.559,3.559,3.186,3.182,wayback,20250430202354
2025-05-01,3.559,3.559,3.186,3.182,wayback,20250501202133
2025-05-02,3.557,3.559,3.18,3.186,wayback,20250502202254
2025-05-03,3.557,3.559,3.18,3.186,wayback,20250503202212
2025-05-04,3.532,3.546,3.165,3.165,wayback,20250504202114
2025-05-05,3.532,3.546,3.165,3.165,wayback,20250505202414
2025-05-06,3.54,3.532,3.158,3.165,wayback,20250506202332
2025-05-07,3.541,3.54,3.154,3.158,wayback,20250507202340
2025-05-08,3.537,3.541,3.152,3.154,wayback,20250508202649
2025-05-09,3.532,3.537,3.145,3.152,wayback,20250509202304
2025-05-10,3.522,3.529,3.135,3.139,wayback,20250510202334
2025-05-11,3.522,3.529,3.135,3.139,wayback,20250511201200
2025-05-12,3.509,3.522,3.136,3.135,wayback,20250512201433
2025-05-13,3.528,3.509,3.157,3.136,wayback,20250513201347
2025-05-14,3.548,3.542,3.192,3.18,wayback,20250514201139
2025-05-15,3.548,3.542,3.192,3.18,wayback,20250515201453
2025-05-16,3.551,3.548,3.192,3.192,wayback,20250516201425
2025-05-17,3.551,3.551,3.185,3.192,wayback,20250517201223
2025-05-18,3.551,3.551,3.185,3.192,wayback,20250518201636
2025-05-19,3.534,3.547,3.179,3.178,wayback,20250519055311
2025-05-20,3.545,3.534,3.177,3.179,wayback,20250520201505
2025-05-21,3.554,3.545,3.182,3.177,wayback,20250521201648
2025-05-22,3.554,3.554,3.195,3.182,wayback,20250522201449
2025-05-23,3.551,3.554,3.196,3.195,wayback,20250523201821
2025-05-24,3.551,3.554,3.196,3.195,wayback,20250524201222
2025-05-25,3.542,3.547,3.181,3.187,wayback,20250525201204
2025-05-26,3.542,3.547,3.181,3.187,wayback,20250526201306
2025-05-27,3.537,3.523,3.163,3.174,wayback,20250527201414
2025-05-28,3.537,3.523,3.163,3.174,wayback,20250528201855
2025-05-29,3.539,3.537,3.166,3.163,wayback,20250529201353
2025-05-30,3.536,3.539,3.162,3.166,wayback,20250530201307
2025-05-31,3.53,3.536,3.15,3.162,wayback,20250531201252
2025-06-01,3.523,3.53,3.143,3.15,wayback,20250601201517
2025-06-02,3.51,3.523,3.141,3.143,wayback,20250602202143
2025-06-03,3.51,3.523,3.141,3.143,wayback,20250603201851
2025-06-05,3.516,3.516,3.146,3.144,wayback,20250605201614
2025-06-06,3.516,3.516,3.141,3.146,wayback,20250606104805
2025-06-07,3.513,3.516,3.131,3.141,wayback,20250607201452
2025-06-08,3.507,3.513,3.125,3.131,wayback,20250608201452
2025-06-09,3.494,3.507,3.124,3.125,wayback,20250609201350
2025-06-10,3.506,3.494,3.121,3.124,wayback,20250610201718
2025-06-11,3.506,3.494,3.121,3.124,wayback,20250611201302
2025-06-12,3.513,3.512,3.128,3.124,wayback,20250612201439
2025-06-13,3.513,3.513,3.132,3.128,wayback,20250613201359
2025-06-14,3.522,3.513,3.133,3.132,wayback,20250614201257
2025-06-15,3.527,3.522,3.135,3.133,wayback,20250615201424
2025-06-16,3.524,3.527,3.14,3.135,wayback,20250616201727
2025-06-17,3.567,3.524,3.167,3.14,wayback,20250617201658
2025-06-18,3.595,3.567,3.187,3.167,wayback,20250618201449
2025-06-19,3.595,3.567,3.187,3.167,wayback,20250619201417
2025-06-21,3.653,3.627,3.217,3.205,wayback,20250621092849
2025-06-22,3.679,3.673,3.218,3.219,wayback,20250622201308
2025-06-23,3.679,3.673,3.218,3.219,wayback,20250623122623
2025-06-24,3.679,3.679,3.22,3.218,wayback,20250624134610
2025-06-25,3.679,3.679,3.22,3.218,wayback,20250625201549
2025-06-26,3.708,3.714,3.194,3.207,wayback,20250626201852
2025-06-27,3.708,3.714,3.194,3.207,wayback,20250627201452
2025-06-28,3.708,3.714,3.194,3.207,wayback,20250628201224
2025-06-29,3.702,3.708,3.187,3.194,wayback,20250629201359
2025-06-30,3.694,3.702,3.185,3.187,wayback,20250630201418
2025-07-01,3.696,3.694,3.178,3.185,wayback,20250701201444
2025-07-02,3.693,3.696,3.171,3.178,wayback,20250702201536
2025-07-03,3.688,3.693,3.162,3.171,wayback,20250703201405
2025-07-04,3.687,3.688,3.148,3.152,wayback,20250704201427
2025-07-05,3.687,3.688,3.148,3.152,wayback,20250705201631
2025-07-06,3.678,3.687,3.145,3.148,wayback,20250706201535
2025-07-07,3.678,3.678,3.143,3.145,wayback,20250707201338
2025-07-08,3.691,3.678,3.149,3.143,wayback,20250708201353
2025-07-09,3.704,3.691,3.162,3.149,wayback,20250709202047
2025-07-10,3.704,3.691,3.162,3.149,wayback,20250710034649
2025-07-11,3.706,3.709,3.167,3.172,wayback,20250711201347
2025-07-12,3.706,3.706,3.157,3.167,wayback,20250712201246
2025-07-14,3.706,3.704,3.153,3.153,wayback,20250714201414
2025-07-15,3.721,3.706,3.15,3.153,wayback,20250715201510
2025-07-16,3.729,3.721,3.16,3.15,wayback,20250716201758
2025-07-17,3.73,3.729,3.16,3.16,wayback,20250717201724
2025-07-18,3.729,3.73,3.155,3.16,wayback,20250718201607
2025-07-19,3.73,3.729,3.145,3.155,wayback,20250719201348
2025-07-20,3.727,3.73,3.14,3.145,wayback,20250720201613
2025-07-21,3.722,3.727,3.14,3.14,wayback,20250721201831
2025-07-22,3.73,3.722,3.144,3.14,wayback,20250722201835
2025-07-23,3.737,3.73,3.155,3.144,wayback,20250723201630
2025-07-24,3.741,3.737,3.162,3.155,wayback,20250724201256
2025-07-25,3.741,3.741,3.16,3.162,wayback,20250725202412
2025-07-26,3.737,3.741,3.15,3.16,wayback,20250726201441
2025-07-27,3.735,3.737,3.145,3.15,wayback,20250727201331
2025-07-28,3.735,3.737,3.145,3.15,wayback,20250728201643
2025-07-30,3.74,3.734,3.14,3.136,wayback,20250730202342
2025-07-31,3.74,3.74,3.151,3.147,wayback,20250731201556
2025-08-01,3.74,3.74,3.151,3.147,wayback,20250801201718
2025-08-03,3.739,3.74,3.152,3.151,wayback,20250803201609
2025-08-04,3.729,3.736,3.152,3.15,wayback,20250804202423
2025-08-05,3.738,3.729,3.163,3.152,wayback,20250805201728
2025-08-06,3.738,3.729,3.163,3.152,wayback,20250806201923
2025-08-07,3.731,3.737,3.156,3.166,wayback,20250807202137
2025-08-08,3.731,3.737,3.156,3.166,wayback,20250808201911
2025-08-09,3.726,3.731,3.145,3.156,wayback,20250809202545
2025-08-10,3.726,3.731,3.145,3.156,wayback,20250810201332
2025-08-11,3.71,3.72,3.138,3.139,wayback,20250811201359
2025-08-12,3.716,3.71,3.14,3.138,wayback,20250812201428
2025-08-13,3.716,3.71,3.14,3.138,wayback,20250813201422
2025-08-14,3.711,3.715,3.153,3.16,wayback,20250814202424
2025-08-15,3.711,3.715,3.153,3.16,wayback,20250815124949
2025-08-16,3.705,3.711,3.142,3.153,wayback,20250816202537
2025-08-17,3.702,3.705,3.138,3.142,wayback,20250817202331
2025-08-18,3.69,3.702,3.137,3.138,wayback,20250818202525
2025-08-19,3.697,3.69,3.13,3.137,wayback,20250819202800
2025-08-20,3.695,3.697,3.133,3.13,wayback,20250820201606
2025-08-21,3.69,3.695,3.137,3.133,wayback,20250821201635
2025-08-22,3.689,3.69,3.141,3.137,wayback,20250822202036
2025-08-23,3.689,3.689,3.149,3.141,wayback,20250823201333
2025-08-24,3.686,3.689,3.153,3.149,wayback,20250824201251
2025-08-25,3.681,3.686,3.161,3.153,wayback,20250825201453
2025-08-26,3.681,3.686,3.161,3.153,wayback,20250826201305
2025-08-27,3.712,3.713,3.21,3.208,wayback,20250827201836
2025-08-28,3.712,3.713,3.21,3.208,wayback,20250828201337
2025-08-29,3.707,3.712,3.201,3.21,wayback,20250829201307
2025-08-30,3.703,3.707,3.192,3.201,wayback,20250830201433
2025-08-31,3.7,3.703,3.188,3.192,wayback,20250831201307
2025-09-01,3.69,3.7,3.19,3.188,wayback,20250901201701
2025-09-02,3.704,3.69,3.19,3.186,wayback,20250902201418
2025-09-03,3.704,3.69,3.19,3.186,wayback,20250903201717
2025-09-04,3.712,3.704,3.201,3.19,wayback,20250904201328
2025-09-05,3.712,3.712,3.204,3.201,wayback,20250905201346
2025-09-06,3.71,3.712,3.2,3.204,wayback,20250906201134
2025-09-08,3.708,3.71,3.197,3.2,wayback,20250908013748
2025-09-11,3.705,3.705,3.194,3.193,wayback,20250911201405
2025-09-12,3.698,3.702,3.178,3.188,wayback,20250912201257
2025-09-13,3.698,3.702,3.178,3.188,wayback,20250913201155
2025-09-14,3.692,3.698,3.175,3.178,wayback,20250914201249
2025-09-16,3.707,3.7,3.2,3.186,wayback,20250916202040
2025-09-17,3.707,3.7,3.2,3.186,wayback,20250917201248
2025-09-21,3.695,3.7,3.183,3.189,wayback,20250921201215
2025-09-22,3.693,3.688,3.171,3.184,wayback,20250922201709
2025-09-23,3.693,3.688,3.171,3.184,wayback,20250923201411
2025-09-24,3.693,3.693,3.163,3.171,wayback,20250924201249
2025-09-25,3.684,3.689,3.148,3.157,wayback,20250925201457
2025-09-26,3.684,3.689,3.148,3.157,wayback,20250926201602
2025-09-27,3.687,3.684,3.137,3.148,wayback,20250927201400
2025-09-28,3.685,3.687,3.132,3.137,wayback,20250928201302
2025-09-29,3.678,3.685,3.135,3.132,wayback,20250929201851
2025-09-30,3.678,3.685,3.135,3.132,wayback,20250930201434
2025-10-01,3.706,3.699,3.16,3.15,wayback,20251001201558
2025-10-02,3.704,3.706,3.159,3.16,wayback,20251002201716
2025-10-03,3.702,3.704,3.152,3.159,wayback,20251003201632
2025-10-04,3.702,3.704,3.152,3.159,wayback,20251004201126
2025-10-05,3.679,3.689,3.133,3.133,wayback,20251005201255
2025-10-06,3.679,3.689,3.133,3.133,wayback,20251006202220
2025-10-07,3.68,3.679,3.121,3.133,wayback,20251007201448
2025-10-08,3.68,3.679,3.121,3.133,wayback,20251008201551
2025-10-09,3.676,3.679,3.11,3.115,wayback,20251009004254
2025-10-10,3.673,3.676,3.1,3.11,wayback,20251010201702
2025-10-11,3.665,3.668,3.083,3.089,wayback,20251011201201
2025-10-12,3.665,3.668,3.083,3.089,wayback,20251012201414
2025-10-13,3.653,3.665,3.082,3.083,wayback,20251013202101
2025-10-14,3.657,3.653,3.076,3.082,wayback,20251014201728
2025-10-15,3.655,3.657,3.067,3.076,wayback,20251015201713
2025-10-17,3.642,3.649,3.051,3.057,wayback,20251017202034
2025-10-18,3.642,3.649,3.051,3.057,wayback,20251018202507
2025-10-19,3.63,3.636,3.036,3.04,wayback,20251019201703
2025-10-20,3.63,3.636,3.036,3.04,wayback,20251020201404
2025-10-22,3.629,3.621,3.066,3.048,wayback,20251022201758
2025-10-23,3.631,3.629,3.071,3.066,wayback,20251023201424
2025-10-24,3.631,3.629,3.071,3.066,wayback,20251024201712
2025-10-25,3.662,3.662,3.052,3.053,wayback,20251025201741
2025-10-26,3.662,3.662,3.052,3.053,wayback,20251026201531
2025-10-27,3.662,3.662,3.052,3.053,wayback,20251027202528
2025-10-28,3.662,3.662,3.052,3.053,wayback,20251028202433
2025-10-29,3.683,3.674,3.038,3.044,wayback,20251029201952
2025-11-01,3.688,3.689,3.04,3.038,wayback,20251101201244
2025-11-03,3.694,3.68,3.053,3.036,wayback,20251103201605
2025-11-07,3.709,3.705,3.084,3.079,wayback,20251107201500
2025-11-08,3.729,3.715,3.073,3.08,wayback,20251108201527
2025-11-09,3.735,3.729,3.07,3.073,wayback,20251109202243
2025-11-11,3.748,3.739,3.072,3.071,wayback,20251111202552
2025-11-14,3.768,3.77,3.072,3.076,wayback,20251114201545
2025-11-16,3.768,3.77,3.072,3.076,wayback,20251116071053
2025-11-17,3.765,3.768,3.073,3.072,wayback,20251117202242
2025-11-18,3.772,3.765,3.077,3.073,wayback,20251118063152
2025-12-01,3.75,3.754,3.005,3.012,wayback,20251201123140
2025-12-15,3.647,3.655,2.91,2.917,wayback,20251215051949
2025-12-17,3.641,3.632,2.907,2.906,wayback,20251217070738
2026-02-19,3.677,3.67,2.929,2.923,wayback,20260219210348
2026-02-20,3.705,3.69,2.935,2.934,wayback,20260220213855
2026-02-21,3.705,3.69,2.935,2.934,wayback,20260221204954
2026-02-23,3.712,3.71,2.938,2.934,wayback,20260223211010
2026-02-24,3.727,3.712,2.951,2.938,wayback,20260224211106
2026-02-26,3.757,3.749,2.983,2.975,wayback,20260226204041
2026-03-01,3.761,3.758,2.984,2.982,wayback,20260301093805
2026-03-02,3.77,3.761,2.997,2.984,wayback,20260302204614
2026-03-05,4.166,4.038,3.251,3.198,wayback,20260305204615
2026-03-06,4.33,4.166,3.32,3.251,wayback,20260306204318
2026-03-12,4.86,4.83,3.598,3.578,wayback,20260312204255
2026-03-13,4.892,4.86,3.63,3.598,wayback,20260313203940
2026-03-16,4.988,4.971,3.718,3.699,wayback,20260316204449
2026-03-18,5.068,5.044,3.842,3.79,wayback,20260318204201
2026-03-19,5.099,5.068,3.884,3.842,wayback,20260319220612
2026-03-21,5.208,5.159,3.925,3.912,wayback,20260321203331
2026-03-22,5.208,5.159,3.925,3.912,wayback,20260322033518
2026-03-26,5.375,5.366,3.981,3.983,wayback,20260326163349
2026-03-29,5.393,5.38,3.976,3.978,wayback,20260329002642
2026-04-02,5.507,5.49,4.081,4.064,wayback,20260402213659
2026-04-03,5.533,5.507,4.091,4.081,wayback,20260403204029
2026-04-04,5.583,5.533,4.104,4.091,wayback,20260404125908
2026-04-05,5.61,5.583,4.11,4.104,wayback,20260405203247
2026-04-06,5.618,5.61,4.119,4.11,wayback,20260406063826
2026-04-09,5.689,5.669,4.166,4.164,wayback,20260409180920
2026-04-11,5.683,5.689,4.153,4.166,wayback,20260411022835
2026-04-12,5.663,5.67,4.125,4.135,wayback,20260412194509
2026-04-14,5.65,5.652,4.118,4.125,wayback,20260414160747
2026-04-15,5.635,5.65,4.108,4.118,wayback,20260415145907
2026-04-16,5.614,5.635,4.093,4.108,wayback,20260416153852
2026-04-18,5.57,5.593,4.058,4.076,wayback,20260418163945
2026-04-19,5.556,5.57,4.048,4.058,wayback,20260419181213
2026-04-21,5.511,5.531,4.022,4.042,wayback,20260421210420
2026-04-22,5.489,5.511,4.02,4.022,wayback,20260422204039
2026-04-23,5.471,5.489,4.031,4.02,wayback,20260423224515
2026-04-26,5.465,5.465,4.086,4.059,wayback,20260426010542
2026-04-27,5.449,5.464,4.111,4.099,wayback,20260427124658
2026-04-28,5.461,5.449,4.176,4.111,wayback,20260428210901
2026-04-29,5.461,5.449,4.176,4.111,wayback,20260429003241
2026-04-30,5.464,5.461,4.229,4.176,wayback,20260430003144
2026-05-01,5.496,5.464,4.3,4.229,wayback,20260501003040
2026-05-03,5.627,5.572,4.433,4.392,wayback,20260503054954
2026-05-04,5.642,5.627,4.446,4.433,wayback,20260504020906
2026-05-06,5.674,5.659,4.536,4.483,wayback,20260506172218
2026-05-08,5.663,5.674,4.546,4.558,wayback,20260508084800
2026-05-09,5.65,5.663,4.53,4.546,wayback,20260509050710
2026-05-12,5.636,5.647,4.52,4.522,wayback,20260512002222
2026-05-13,5.659,5.644,4.511,4.504,wayback,20260513123200
2026-05-15,5.667,5.659,4.534,4.511,wayback,20260515001448
2026-05-16,5.662,5.667,4.528,4.534,wayback,20260516001804
2026-05-17,5.652,5.662,4.517,4.528,wayback,20260517051100
2026-05-18,5.646,5.652,4.513,4.517,wayback,20260518083442
2026-05-19,5.65,5.631,4.533,4.515,wayback,20260519212737
2026-05-21,5.656,5.652,4.564,4.555,wayback,20260521190811
2026-05-22,5.631,5.647,4.529,4.552,wayback,20260522211148
2026-05-23,5.631,5.647,4.529,4.552,wayback,20260523011118
2026-05-25,5.622,5.631,4.515,4.529,wayback,20260525000040
2026-05-26,5.599,5.622,4.507,4.515,wayback,20260526015748
2026-05-27,5.579,5.584,4.459,4.491,wayback,20260527163503
2026-05-29,5.522,5.554,4.391,4.426,wayback,20260529215324
2026-05-30,5.492,5.522,4.356,4.391,wayback,20260530205938
2026-05-31,5.492,5.522,4.356,4.391,wayback,20260531132420
2026-06-01,5.448,5.475,4.322,4.336,wayback,20260601223516
2026-06-02,5.448,5.475,4.322,4.336,wayback,20260602091813
2026-06-03,5.411,5.432,4.261,4.29,wayback,20260603222940
2026-06-04,5.411,5.432,4.261,4.29,wayback,20260604041129
2026-06-05,5.394,5.411,4.241,4.261,wayback,20260605044039
2026-06-06,5.357,5.378,4.191,4.22,wayback,20260606211120
2026-06-07,5.341,5.357,4.174,4.191,wayback,20260607211957
2026-06-09,5.317,5.318,4.161,4.164,wayback,20260609215844
2026-06-10,5.317,5.318,4.161,4.164,wayback,20260610033840
2026-06-11,5.279,5.303,4.129,4.151,wayback,20260611133827
2026-06-12,5.259,5.279,4.108,4.129,wayback,20260612214758
2026-06-13,5.236,5.259,4.086,4.108,wayback,20260613154538
2026-06-15,5.197,5.219,4.065,4.074,wayback,20260615222737
2026-06-16,5.185,5.197,4.044,4.065,wayback,20260616135816
2026-06-17,5.162,5.185,4.025,4.044,wayback,20260617220712
2026-06-18,5.129,5.162,3.999,4.025,wayback,20260618054423
2026-06-20,5.062,5.095,3.951,3.973,wayback,20260620164858
2026-06-21,5.013,5.04,3.929,3.938,wayback,20260621211703
2026-06-22,5.013,5.04,3.929,3.938,wayback,20260622043604
2026-06-26,4.934,4.955,3.901,3.918,wayback,20260626212033
2026-06-27,4.905,4.934,3.878,3.901,wayback,20260627010648
2026-06-28,4.887,4.905,3.867,3.878,wayback,20260628041416
2026-06-29,4.859,4.887,3.86,3.867,wayback,20260629052050
2026-06-30,4.853,4.859,3.847,3.86,wayback,20260630045412
2026-07-01,4.843,4.853,3.847,3.847,wayback,20260701000733
2026-07-03,4.811,4.827,3.823,3.838,wayback,20260703210805
2026-07-04,4.797,4.811,3.81,3.823,wayback,20260704210035
2026-07-05,4.777,4.797,3.804,3.81,wayback,20260705210210
2026-07-06,4.756,4.777,3.797,3.804,wayback,20260706113008
2026-07-07,4.765,4.756,3.79,3.797,wayback,20260707212846
2026-07-08,4.772,4.765,3.796,3.79,wayback,20260708211025
2026-07-10,4.852,4.81,3.884,3.846,wayback,20260710210917
2026-07-11,4.877,4.852,3.882,3.884,wayback,20260711204925
2026-07-13,4.875,4.88,3.872,3.876,wayback,20260713210109
2026-07-15,4.938,4.882,3.89,3.859,wayback,20260715133035
2026-07-17,5.058,5.005,3.981,3.943,wayback,20260717205813
2026-07-18,5.088,5.058,3.992,3.981,wayback,20260718102111
2026-07-19,5.088,5.058,3.992,3.981,wayback,20260719044259
2026-07-21,5.142,5.108,4.019,4.003,wayback,20260721211052
2026-07-23,5.181,5.142,4.06,4.019,wayback,20260723064630
2026-07-24,5.24,5.209,4.105,4.091,wayback,20260724210514
2026-07-25,5.24,5.209,4.105,4.091,wayback,20260725014409
2026-07-26,5.295,5.278,4.11,4.111,wayback,20260726070815
2026-07-27,5.296,5.295,4.11,4.11,wayback,20260727071543
2026-07-28,5.321,5.296,4.099,4.11,wayback,20260728133504
2026-07-30,5.339,5.329,4.098,4.091,wayback,20260730212317
2026-07-31,5.353,5.339,4.106,4.098,wayback,20260731015201
2026-08-01,5.362,5.353,4.101,4.106,wayback,20260801205431
2026-08-03,5.364,5.364,4.095,4.096,wayback,20260803203143
2026-08-04,5.372,5.364,4.089,4.095,wayback,20260804211348
2026-08-06,5.3474,5.3622,4.0633,4.0801,wayback,20260806063351
2026-08-07,5.3474,5.3622,4.0633,4.0801,wayback,20260807005347
2026-08-08,5.3082,5.3176,4.0121,4.0224,wayback,20260808204038
2026-08-10,5.2996,5.3082,4.0091,4.0121,wayback,20260810104325
2026-08-14,5.4265,5.4043,4.0776,4.0715,wayback,20260814203116
2026-08-17,5.4454,5.446,4.0636,4.0656,wayback,20260817202651
2026-08-18,5.4677,5.4454,4.0654,4.0636,wayback,20260818202437
2026-08-19,5.5042,5.4677,4.086,4.0654,wayback,20260819203014
2026-08-20,5.5477,5.5042,4.1044,4.086,wayback,20260820202724
2026-08-21,5.5764,5.5477,4.1092,4.1044,wayback,20260821202518
2026-08-22,5.5947,5.5764,4.1024,4.1092,wayback,20260822202227
2026-08-27,5.6183,5.623,4.0997,4.1014,wayback,20260827221543
2026-08-29,5.6046,5.6105,4.081,4.0898,wayback,20260829024827
2026-08-30,5.6035,5.6046,4.0787,4.081,wayback,20260830222745
2026-08-31,5.6002,5.6035,4.0807,4.0787,wayback,20260831200329
2026-09-01,5.6325,5.6002,4.0954,4.0807,wayback,20260901222706
2026-09-02,5.6879,5.6325,4.1203,4.0954,wayback,20260902200617
2026-09-03,5.7832,5.6879,4.1436,4.1203,wayback,20260903222352
2026-09-04,5.85,5.7832,4.1474,4.1436,wayback,20260904200730
2026-09-05,5.8819,5.85,4.1459,4.1474,wayback,20260905200419
2026-09-06,5.897,5.8819,4.1473,4.1459,wayback,20260906144538
2026-09-07,5.9015,5.897,4.1505,4.1473,wayback,20260907200850
2026-09-08,5.9012,5.9015,4.1514,4.1505,wayback,20260908200524
2026-09-09,5.9424,5.9012,4.2245,4.1514,wayback,20260909111345
2026-09-11,6.0556,5.9773,4.295,4.277,wayback,20260911200243
2026-09-13,6.204,6.1602,4.313,4.3104,wayback,20260913221610
2026-09-14,6.2301,6.204,4.3163,4.313,wayback,20260914225903
2026-09-18,6.4476,6.3956,4.4687,4.4386,wayback,20260918075947
2026-09-22,6.5276,6.5107,4.475,4.4786,wayback,20260922224540
2026-09-23,6.5217,6.5276,4.4744,4.475,wayback,20260923224353
2026-09-24,6.5141,6.5217,4.4825,4.4744,wayback,20260924230211
2026-09-25,6.5019,6.5141,4.4918,4.4825,wayback,20260925141323
2026-09-26,6.5985,6.6021,4.5449,4.5488,live,20260926181832
2026-09-27,6.5937,6.5985,4.5423,4.5449,live,20260927114621
2026-09-28,6.5889,6.5937,4.5393,4.5423,live,20260928100045
2026-09-30,6.5775,6.5862,4.5205,4.5307,live,20260930100044
2026-10-03,6.5658,6.5715,4.4925,4.5015,live,20261003100319
2026-10-05,6.5574,6.562,4.4797,4.4835,live,20261005103507
2026-10-06,6.5517,6.5574,4.4699,4.4797,live,20261006100041
